plant,axis,metamer,organ,length,width,area,is_growing,mstruct,sucrose,amino_acids,fructan,proteins
1,MS,1,sheath,20.0000000000,5.0000000000,NA,False,0.0050000000,30.0000000000,10.0000000000,0,0
1,MS,2,sheath,30.0000000000,5.0000000000,NA,False,0.0050000000,30.0000000000,10.0000000000,0,0
1,MS,3,sheath,40.0000000000,5.0000000000,NA,False,0.0050000000,30.0000000000,10.0000000000,0,0
1,MS,4,blade,6.6362516600,2.2691742487,1.5242818043,True,0.0000174667,0.0349334983,0.0052400247,0,0
