plant,axis,metamer,organ,length,width,area,is_growing,mstruct,sucrose,amino_acids,fructan,proteins
1,MS,1,sheath,20.0000000000,5.0000000000,NA,False,0.0050000000,30.0000000000,10.0000000000,NA,NA
1,MS,2,sheath,30.0000000000,5.0000000000,NA,False,0.0050000000,30.0000000000,10.0000000000,NA,NA
1,MS,3,sheath,40.0000000000,5.0000000000,NA,False,0.0050000000,30.0000000000,10.0000000000,NA,NA
1,MS,4,blade,0.6362516600,0.6104122660,0.6088662783,True,0.0000069563,0.0139126285,0.0020868943,NA,NA
