plant,axis,metamer,leaf_is_growing,hgz_L,leaf_L,leaf_Lmax,leaf_Lem_prev,lamina_Lmax,sheath_Lmax,leaf_Wmax,SSLW,SSSW,leaf_is_emerged,sucrose,amino_acids,fructan,hgz_mstruct
1,MS,4,True,40.000000,135.000000,135.000000,1.000000,118.226000,16.774000,7.893560,0.000028,0.000138,True,10.000000,1.500000,0.150000,0.005000
1,MS,5,True,40.000000,137.000000,137.000000,1.000000,98.193807,38.806193,6.562296,0.000027,0.000136,False,0.030000,0.003000,0.030000,0.000013
1,MS,6,True,40.000000,NA,NA,NA,NA,NA,NA,NA,NA,False,0.001000,0.000200,0.000000,0.000000
