plant,axis,metamer,leaf_is_growing,hgz_L,leaf_L,leaf_Lmax,leaf_Lem_prev,lamina_Lmax,sheath_Lmax,leaf_Wmax,SSLW,SSSW,t_prev_leaf_emerged,leaf_is_emerged,sucrose,amino_acids,fructan,hgz_mstruct
1,MS,4,True,40.0000000000,135.0000000000,135.0000000000,1.0000000000,118.2260000000,16.7740000000,7.8935600000,0.0000276000,0.0001380000,101.0000000000,True,10.0000000000,1.5000000000,0.1500000000,0.0050000000
1,MS,5,True,40.0000000000,137.0000000000,137.0000000000,1.0000000000,98.1938073394,38.8061926606,6.5622959074,0.0000272500,0.0001362500,1.0000000000,False,0.0300000000,0.0030000000,0.0300000000,0.0000130000
1,MS,6,True,40.0000000000,NA,NA,NA,NA,NA,NA,NA,NA,0.0000000000,False,0.0010000000,0.0002000000,0.0000000000,0.0000000639
