plant,axis,metamer,leaf_is_growing,hgz_L,leaf_L,leaf_Lmax,leaf_Lem_prev,lamina_Lmax,sheath_Lmax,leaf_Lwmax,leaf_Wmax,leaf_Wlig,SSLW,SSSW,t_prev_leaf_emerged,leaf_is_emerged,sucrose,amino_acids,fructan,hgz_mstruct
1,MS,4,True,40.0000000000,135.0000000000,135.0000000000,1.0000000000,118.2260000000,16.7740000000,61.4777000000,7.8935600000,4.7361400000,0.0000276000,0.0001380000,101.0000000000,True,-5951177324.1770734787,-399825446.4821326137,0.1500000000,0.0050000000
1,MS,5,True,40.0000000000,137.0000000000,137.0000000000,1.0000000000,98.1938073394,38.8061926606,51.0607798165,6.5622959074,3.9373775444,0.0000272500,0.0001362500,1.0000000000,False,-6752.0276448808,-440.3673286556,0.0300000000,0.0800803325
1,MS,6,True,40.0000000000,NA,NA,NA,NA,NA,NA,NA,NA,NA,NA,0.0000000000,False,0.0009560358,0.0001971326,0.0000000000,0.0000000644
