plant,axis,phytomer,leaf_is_growing,leaf_L,leaf_Lmax,leaf_Lem_prev,leaf_Lem,lamina_Lmax,sheath_Lmax,leaf_Lwmax,leaf_Wmax,leaf_Wlig,leaf_SSLW,t_prev_leaf_emerged,leaf_is_emerged,sucrose,amino_acids,conc_fructan_em_prev,fructan,mstruct,proteins
1,MS,4,True,47.2725033223,135.0000000000,1.0000000000,46.0000000000,118.2260000000,16.7740000000,61.4777000000,7.8935600000,4.7361400000,0.0000276000,101.0000000000,True,5.7885573391,1.2241494951,2500.0000000000,0.1500000000,0.0050428189,0.5000000000
1,MS,5,True,1.0000000000,137.0000000000,1.0000000000,16.7740000000,106.5260000000,30.4740000000,55.3935200000,7.1312284375,4.2787370625,0.0000272500,1.0000000000,False,0.0300000000,0.0030000000,2307.6923076923,0.0300000000,0.0000130000,150.0000000000
1,MS,6,True,0.0405633984,NA,NA,NA,NA,NA,NA,NA,NA,NA,0.0000000000,False,0.0009560358,0.0001971326,NA,0.0000000000,0.0000000644,0.0000000000
