plant,axis,metamer,organ,length,width,area,is_growing,mstruct,sucrose,amino_acids,fructan
1,MS,1,sheath,20.0000000000,5.0000000000,NA,False,0.0050000000,30.0000000000,10.0000000000,0
1,MS,2,sheath,30.0000000000,5.0000000000,NA,False,0.0050000000,30.0000000000,10.0000000000,0
1,MS,3,sheath,40.0000000000,5.0000000000,NA,False,0.0050000000,30.0000000000,10.0000000000,0
1,MS,4,blade,6.6362516600,2.2691742487,6003990912.9319419861,True,68935.4220658849,137870844.1317698658,20680626.6197654828,0
